id,text,sentiment
1i31dp1,up late scrolling through feet pics? you should be cozy in bed with me and my soft soles insteadü§ç ,positive
1i31dml,Is this safe to live in for a cirs immunocompromised person temporarily? 1-2 months  Likely moving to a better location but this was the best I could find tested many places. HVACs give me a bit of allergies but I can put in vent filters . ERMI score of 9 and Hertsmi-2 of 10. This is likely not a permanent residence just a bridge to get somewhere else. I am just immune compromised and want to make sure there isn't insane amounts of mold. Any suggestions are welcome (swipe for photos) ,negative
1i31djb,Adobe illustrator  Which MacBook is best for adobe illustrator for designing garments? ,positive
1i31dhp,"Minha namo n√£o me agradeceu no tcc dela Eu (24F) estou com minha namorada (23F) faz 4 anos e hoje ela apresentou o tcc dela. Estive com ela em todas as etapas de constru√ß√£o desse trabalho, e at√© li ele e ajudei em corre√ß√µes. Durante os agradecimentos finais ela agradeceu todo mundo, de maneira meio generalizada, citando alguns nomes. O meu nome n√£o estava l√°. O slide de agradecimento contava com algumas fotos nossas e na parte escrita ela me agradeceu ent√£o talvez eu esteja sendo um pouco infantil, n sei. De qualquer forma, fiquei chateada e at√© em um grupo de wpp nosso fizeram um coment√°rio sobre (com tom brincalh√£o), ent√£o foi algo bem percept√≠vel. N√£o comentei nada com ela, e acho que nem vou comentar, mas sinto como se ela n√£o desse o devido valor pra mim e pra nossa rela√ß√£o. Ela n√£o me chamou pras fotos de formatura tamb√©m ent√£o acho que foi um sentimento acumulado. Sinto que eu que carrego todo peso emocional na rela√ß√£o sozinha e √© algo que j√° foi discutido mas n√£o sei mt bem o que fazer e se eu tenho alguma base real para ficar chateada como estou. Enfim. Se alguem quiser comentar sobre a situa√ß√£o e me dar uma vis√£o de fora ficarei agradecida. ",positive
1i31df4,[P5V12] AI Eckhart This was made with AI.,negative
1i31d3w,Busco rol infinito m√°s informaci√≥n al dm ,positive
1i31d14,"Struggling with Cronus Zen for Mobile Gaming Hey everyone, I‚Äôm in need of some help with my Cronus Zen. I‚Äôve seen plenty of guides and resources for using it with consoles, but I couldn‚Äôt find anything that explains how to set it up for mobile gaming.

I‚Äôm specifically trying to figure out how to use it with Warzone Mobile, especially since I noticed there‚Äôs a Warzone Mobile game pack included. That suggests it‚Äôs possible, but I‚Äôm stuck because there aren‚Äôt any clear instructions for mobile devices.

Has anyone here managed to get it working on mobile or found any helpful resources? Any advice would be greatly appreciated!

Thanks in advance!",negative
1i31cv1,What's the best looking credit card in Canada? Title. Bit of a lighter discussion. Who has the prettiest credit card out there?,positive
1i31cth,"20M need help getting a job (electrician)  Born and raised here In nova, after high school I took some gen Ed‚Äôs at a cc and was working as a carpenter apprentice, From what I‚Äôve seen electrical seems like a sweet gig 

I applied to the IBEW and they said they would schedule an aptitude test, this was months ago and In the meantime Iv‚Äôe been applying to many jobs around the dmv area and no luck, any advice in how to get into the industry??? I‚Äôm a hardworking individual and have experience within the construction field. Any help please?",negative
